"SHA256","File"
"8dee4816ad1b1af51e06e08ae6073acf6af93f6f6e88de5da70949de5d184111","ascom\build-windows.ps1"
"ddf2e9d0e684ae41234e7f799dea0f3c5ee0bc61dfaa4c7700e564d1424094c2","ascom\README.md"
"0b81718d1cbe8a7696e45a9388c9205272b5e345cd79d0cf1ccfb7a9fd1925e9","ascom\requirements.txt"
"b7839409a2f008d842612cbdc0b3759306a577142e291404e29c9f253bca12bc","ascom\universal_flat_panel_alpaca.py"
"7ca98d4dec1ad15b0645def5e1ac6973daf907f2b397e72d8f6add752802f23d","ascom\UniversalFlatPanelAlpaca.exe"
"0c9f91c1dcfb46b84054cac88dd11c1680d22fa383a671db798701b5842c6ca5","docs\CIRCUIT.md"
"321a0f3e7a3d4fa8735558cda42e82be8e0aa2f32fca87cf18ec682bdc08d4db","docs\CONTROL.md"
"14daa69e614f226dead2fec13e60f4a1b4cf7a46b4049d86f040b508b86c1272","docs\FIRST_ARTICLE_TEST.md"
"cf54d48306231564ae684d618a6af208b8f48530350cb83595287754fe7018e9","docs\INSTALLATION.md"
"32d0a897e0cfe6c6cb305c2fcc9c5e090bec5218dfb380d51dc8757f5013061d","docs\PCB_ASSEMBLY_ORDER.md"
"43588fe066e9c372eb41737ed386a6582194144bf5857c33ee21588742b33051","firmware\BUILD_CONFIG.txt"
"0ba0f43044d003896fa393968fa4f24f67bca5871395ee593bf188508b328317","firmware\compiled\redcat_flat_panel.ino.bin"
"3a06e81d78e928687d7acd8abcd069543a4413de4398e2e2940a97b3fc739fd8","firmware\compiled\redcat_flat_panel.ino.bootloader.bin"
"c50b07af3111d70ab5deca6e428a10bb5d14edeede393803e8f3b8eea3d43bb6","firmware\compiled\redcat_flat_panel.ino.merged.bin"
"1d9cca96de0fe07ad7fc0648b9878ddecd9ce565e38b589ad20fea698ed4c80c","firmware\compiled\redcat_flat_panel.ino.partitions.bin"
"79561cf5a7a7455292d3632fce8c0f36d3ae02c2c67f90d5b01f5498c87c2625","firmware\README.md"
"18cf59d368d847d655ed185ffd35e7a7cc884aa9ad2eea73e7f7abd72fef95b6","firmware\redcat_flat_panel\redcat_flat_panel.ino"
"3972dc9744f6499f0f9b2dbf76696f2ae7ad8af9b23dde66d6af86c9dfb36986","LICENSE"
"1b3c374e0c7ee343583cdbf255058e9b007344958cc5bacf6f904d8bac865903","mechanical\01-diameter-fit-gauge.step"
"66c4c182678ada9e2bb21c8245eabde240487a14ea9b9ecb6b102dfb25d3cebd","mechanical\01-diameter-fit-gauge.stl"
"8405b4b1a0973fd2a69190d3cd0452a9669f42f5805b36deb86fa4b864b55131","mechanical\02-scope-clamp.step"
"95e6ebee4aafa70585247846f3b6310ce3cc551f028bbd73ecfb50716361ba25","mechanical\02-scope-clamp.stl"
"0921d26db9a58821c264d3dd9857f0592e899defe6aa4e86f9a4dd61ab53aea9","mechanical\03-ds3218-servo-plate.step"
"d779ca0060401efec421532afa3ba69002657e44ba102bc9d09b23b21d9db9a9","mechanical\03-ds3218-servo-plate.stl"
"9f219a70d840f7913d549f4940c1c8e6ea59dca522455cb98d18f17893eed9aa","mechanical\04-flat-panel-tray.step"
"9a90f01959c19bdb1b41722e3c2d73524cc93f7f2a36a78eac1870ec8d520086","mechanical\04-flat-panel-tray.stl"
"504bc8d8b46cff4a2bd7cc42928010bb23d687ab808c303de94cfe82d6272a12","mechanical\05-diffuser-retaining-ring.step"
"2affb4d7b01d429e1fb87d769f78233aa9e89f35f845b76b02ec462d223a3e4e","mechanical\05-diffuser-retaining-ring.stl"
"98819a304ebe0477e54c72e7c6dc7314b7c76ce5071239a3f1f63702ce8a297c","mechanical\06-electronics-enclosure-base.step"
"c5ebd1d0eaf008002daf1ddabc55ac61057fb6e9869adab68421559730b7013a","mechanical\06-electronics-enclosure-base.stl"
"f537ebfb49428dd685ce13004991f84e30a49239cc0ba96ad676bb6139753beb","mechanical\07-electronics-enclosure-lid.step"
"da2869275bd90a7d34d01e30c917b3eab6f8ebb813210eb922c31418ef93c9a1","mechanical\07-electronics-enclosure-lid.stl"
"7c01ce34497ec39d2f907b07f1af1b19a910286759fbd47ab156bbf83d5d1a75","mechanical\08-limit-switch-bracket-print-two.step"
"505c500b397005afcc757459eda8e1cbf7e8a35b1a7470912fc0ca56b9a8fe8d","mechanical\08-limit-switch-bracket-print-two.stl"
"75598f9ff7c56f834af74ccedcb97af86cc20bc9520328b2d0107f26e0e72b7b","mechanical\generate_parts.py"
"1d0d8c7ef7cb001059905121d1976b3a58a3787bf9338c2ab4596252de1d1845","mechanical\PRESETS.md"
"8bb54fb49998fa13ce46aaae61cec6285d6000fa0d70dd0321a466bfe548b3fb","mechanical\presets\Askar-103-APO\01-diameter-fit-gauge.step"
"1d2b56110a28090e20d0b652f509a79398ac1cfd3c7903e5208dae3773750192","mechanical\presets\Askar-103-APO\01-diameter-fit-gauge.stl"
"71bcfd1ee3873182150b3cf14c76e1a48cd8bde28bccaaa1e6651b33506acc92","mechanical\presets\Askar-103-APO\02-scope-clamp.step"
"e4dcd6c19f0f0c814ef32c9e31431e0cfb4fb26ac6cd3b764747607434d90e81","mechanical\presets\Askar-103-APO\02-scope-clamp.stl"
"75dab6a92dec98f87013c66f205f8a1a0ae47233f0494cfaabb278cb44cafad1","mechanical\presets\Askar-103-APO\03-ds3218-servo-plate.step"
"d779ca0060401efec421532afa3ba69002657e44ba102bc9d09b23b21d9db9a9","mechanical\presets\Askar-103-APO\03-ds3218-servo-plate.stl"
"b099db80b5eb9f125bd0e5ffc45fd7cc13478b98c8334a1c6e19b39cef380b71","mechanical\presets\Askar-103-APO\04-flat-panel-tray.step"
"907fad5601ac289114a293f5b81bcdaf840ef8703e04c8bd4c7ed41a61e2086a","mechanical\presets\Askar-103-APO\04-flat-panel-tray.stl"
"61648463c2f93e364a852af66991bf26a9da5eb54ab1e450f2082ec00e097fe5","mechanical\presets\Askar-103-APO\05-diffuser-retaining-ring.step"
"82e9241e56170198f33519ecc6127c4aaaabf138320d40f3e0bf87853351fb52","mechanical\presets\Askar-103-APO\05-diffuser-retaining-ring.stl"
"1e02a6fc124894716de8f32f297ee4a1bffe6dac6cd6609ae2e6719f8e98b895","mechanical\presets\Askar-103-APO\06-electronics-enclosure-base.step"
"c5ebd1d0eaf008002daf1ddabc55ac61057fb6e9869adab68421559730b7013a","mechanical\presets\Askar-103-APO\06-electronics-enclosure-base.stl"
"38c51c2747316ae3ae7ae5cb55c88c825c9ffc57d85719ebfb60703d62a97ab9","mechanical\presets\Askar-103-APO\07-electronics-enclosure-lid.step"
"da2869275bd90a7d34d01e30c917b3eab6f8ebb813210eb922c31418ef93c9a1","mechanical\presets\Askar-103-APO\07-electronics-enclosure-lid.stl"
"649356baf3ca7acaf21114a290f35086ec7c61c633fe8064012d5f9d58c03078","mechanical\presets\Askar-103-APO\08-limit-switch-bracket-print-two.step"
"505c500b397005afcc757459eda8e1cbf7e8a35b1a7470912fc0ca56b9a8fe8d","mechanical\presets\Askar-103-APO\08-limit-switch-bracket-print-two.stl"
"75598f9ff7c56f834af74ccedcb97af86cc20bc9520328b2d0107f26e0e72b7b","mechanical\presets\Askar-103-APO\generate_parts.py"
"b003250230fd2b9544fd1762ecbd516037224ccdd2edc1595984b3696888f41e","mechanical\presets\Askar-103-APO\README.md"
"0883793ae0a938cc3283d991f9f658d67b4301da57da94211a62e413cc398102","mechanical\PRINTING.md"
"d224fba30668c52dbe1a09f41d6856e7d323943e4d120067b87f4baba45928d5","mechanical\universal-scope-clamp-customizer.scad"
"9cbe0611dc28fbddd2e014b74dc11dff7f9add8990dd4805eac3ea7ea1190055","MECHANICAL_BOM.csv"
"6c44e661934d020f522a933fa661b1b9b4bacf3f690f7d2442328bf9d2cefd26","pcb\BOM.csv"
"b5faca9722cc25d3c8bcc7ae2ec3c0d2323813c61633d07aef4faad2bf1ec733","pcb\DRC_ERRORS_ONLY.txt"
"056560a04f66822a8caa675e8240958518072bc8d1d972ca28b732aa1a068e85","pcb\drc-routed-revc.txt"
"18997dad0480f54e8ce8683970d4cb09b5feddc04f1c780a9214d25498449b39","pcb\format_pick_and_place.py"
"a7c7db4c761ef382bf27d429156f498261af538b797a868b4db6af369c75fc66","pcb\generate_board.py"
"421ba477a208a21f39b9dcb0e040f7ff96af61caecdf4addbb939e498395771c","pcb\gerbers\redcat51ii-flat-panel-revc-routed.drl"
"b354b09119a243b3007b9b70b2a3299774e694ddea5ff6ecd757196dc40789ea","pcb\gerbers\redcat51ii-flat-panel-revc-routed-B_Cu.gbl"
"de41fdb0c389cc370809a43c7b387c9335a18de7217137c34eec6d4a65259152","pcb\gerbers\redcat51ii-flat-panel-revc-routed-B_Mask.gbs"
"12797d2bfe70f9a8c15d2cd808569ffbe94ecf973b360fd8e49ee2730d0dfc73","pcb\gerbers\redcat51ii-flat-panel-revc-routed-B_Paste.gbp"
"37ae56115e2b2e2e416ec9223867c27d0dc61c61afb5d4b5601e7823f8f09fec","pcb\gerbers\redcat51ii-flat-panel-revc-routed-B_Silkscreen.gbo"
"d9a4ec1be9fbd65cde4fd751c17e6330602aa213828a27649eb9026f7fbf28f1","pcb\gerbers\redcat51ii-flat-panel-revc-routed-drl_map.gbr"
"95758c571860bd82a9e5602ec81a9ed144db7bd6134d3af1a718851b17157fb6","pcb\gerbers\redcat51ii-flat-panel-revc-routed-Edge_Cuts.gm1"
"e7e13ad9582d115ed065097c264c514bb8208b48bd88e6dfdaccceb421513a8d","pcb\gerbers\redcat51ii-flat-panel-revc-routed-F_Cu.gtl"
"1a335f02b2102bf39328ee07719b51bb9cdb1624a327042f2139e775fc05255c","pcb\gerbers\redcat51ii-flat-panel-revc-routed-F_Mask.gts"
"cca1a4a6f783e381adb3cc0666e8082efc41bbaaecf246142e10c1ad2eebf29d","pcb\gerbers\redcat51ii-flat-panel-revc-routed-F_Paste.gtp"
"117bd864abfa9db4820d5ad93e089a9b9668236865e4d218731ae8b427a75931","pcb\gerbers\redcat51ii-flat-panel-revc-routed-F_Silkscreen.gto"
"17e53bee3d074450c7e0ac5325cab3ff83b93fdd58a66ea7ae3e7660f85fd938","pcb\gerbers\redcat51ii-flat-panel-revc-routed-In1_Cu.g1"
"c1141fcfab1e6a2f119e4bf3ee8aeec08d98c470859329103d58cbda73820f6e","pcb\gerbers\redcat51ii-flat-panel-revc-routed-In2_Cu.g2"
"8f5e080f6d3bba0ddbefa76fd975fdedd387a0962e8de1b012100b4ce1e774c0","pcb\gerbers\redcat51ii-flat-panel-revc-routed-job.gbrjob"
"833c3a2aa74aeee47c205a0279d4c827b54c1c6e6288e5e22c402db4aa245cce","pcb\Gerbers_RevC.zip"
"2a4d19e987d6ad15bf2c7ec37ac42386eca25d2055a0f984bf497c9da323665e","pcb\PCB_Assembly_Top.pdf"
"d35458252b55c4a1246686143228ec72066082b62972d2c85bf5e4af39db9f10","pcb\PCB_Copper_Top.pdf"
"252d0bcc31e0004ca5e0950f8895e0b13414ef548da26c7617874285b3811c01","pcb\PCB_Preview.png"
"545f11ed2b12acf134c6dc0291554212978f7fda70c1c5b6d52ac8941c5d74e4","pcb\PickAndPlace.csv"
"0a3499ad45bcf4246313c787497f7faa5c13f2bcf82f5a915f4584f7de23a700","pcb\redcat51ii-flat-panel-revc.step"
"c2574f9bde90df0a2fa0dd4483cc32698ffd525d0f56c4bf509be68627a6b115","pcb\redcat51ii-flat-panel-revc-routed.kicad_pcb"
"36f4cc68a91f15278103f247e1359d59ab3fc04c72ba286d01d0d301f820658a","pcb\redcat51ii-flat-panel-revc-routed.kicad_pro"
"9495d9d55a2e310b643359add1255b62d86ef328f09449735a5e9a89757fefc7","README.md"
"04ab87d01fa72188c4d4b6a8a9151aaa17f93cab7cd11c3fd73123a7849f50c8","RELEASE_NOTES.md"
"2b447fe3e2abf9946f5e41a0fe53410e0bf8a2696e1370c8ff2bc015f72b8381","renders\Askar-103-APO\01-askar103-panel-open.png"
"7161b0feaddefab88ee970b2b22dc28019f29fa6ad8b1d9901b70e151d09fe0e","renders\Askar-103-APO\02-askar103-panel-closed.png"
"7a44bc726518214fd37219583a125e05f7eefba257ba34f26ba8f21a892e3af2","renders\Askar-103-APO\03-askar103-custom-parts.png"
"98d112937bfa4290df15884d8e8a76f93e8674a8567556eaed17e0288f254c97","VERIFICATION.md"
